ID,Memory
001,0.13766
002,0.75616
003,0.61063
004,-0.19412
005,0.97736
006,-0.60433
007,1.06005
008,-0.68465
009,0.35053
010,0.32805
